YEAR,MONTH,DAY,AIRLINE,FLIGHT_NUMBER,TAIL_NUMBER,ORIGIN_AIRPORT,DESTINATION_AIRPORT,DEPARTURE_DELAY,ARRIVAL_DELAY
2015,1,1,AS,98,N407AS,ANC,SEA,-11.0,-22.0
2015,1,1,AA,2336,N3KUAA,LAX,PBI,-8.0,-9.0
2015,1,1,US,840,N171US,SFO,CLT,-2.0,5.0
2015,1,1,AA,258,N3HYAA,LAX,MIA,-5.0,-9.0
2015,1,1,AS,135,N527AS,SEA,ANC,-1.0,-21.0
2015,1,1,DL,806,N3730B,SFO,MSP,-5.0,8.0
2015,1,1,NK,612,N635NK,LAS,MSP,-6.0,-17.0
2015,1,1,US,2013,N584UW,LAX,CLT,14.0,-10.0
2015,1,1,AA,1112,N3LAAA,SFO,DFW,-11.0,-13.0
2015,1,1,DL,1173,N826DN,LAS,ATL,3.0,-15.0
2015,1,1,DL,2336,N958DN,DEN,ATL,-6.0,-30.0
2015,1,1,AA,1674,N853AA,LAS,MIA,-8.0,-10.0
2015,1,1,DL,1434,N547US,LAX,MSP,0.0,-4.0
2015,1,1,DL,2324,N3751B,SLC,ATL,-6.0,-22.0
2015,1,1,DL,2440,N651DL,SEA,MSP,-1.0,8.0
2015,1,1,AS,108,N309AS,ANC,SEA,-4.0,-14.0
2015,1,1,DL,1560,N3743H,ANC,SEA,-14.0,-24.0
2015,1,1,UA,1197,N78448,SFO,IAH,-6.0,-7.0
2015,1,1,AS,122,N413AS,ANC,PDX,-4.0,-18.0
2015,1,1,DL,1670,N806DN,PDX,MSP,-5.0,-12.0
2015,1,1,NK,520,N525NK,LAS,MCI,25.0,6.0
2015,1,1,AA,371,N3GXAA,SEA,MIA,-8.0,1.0
2015,1,1,NK,214,N632NK,LAS,DFW,-1.0,-1.0
2015,1,1,AA,115,N3CTAA,LAX,MIA,-2.0,-12.0
2015,1,1,DL,1450,N671DN,LAS,MSP,-3.0,-23.0
2015,1,1,UA,1545,N76517,LAX,IAH,-3.0,-11.0
2015,1,1,AS,130,N457AS,FAI,SEA,-8.0,-3.0
2015,1,1,NK,597,N528NK,MSP,FLL,12.0,25.0
2015,1,1,US,413,N571UW,LAS,CLT,-10.0,-31.0
2015,1,1,AA,2392,N3HRAA,DEN,MIA,21.0,2.0
2015,1,1,NK,168,N629NK,PHX,ORD,72.0,43.0
2015,1,1,AA,2211,N3CGAA,PHX,MIA,-11.0,-16.0
2015,1,1,AS,136,N431AS,ANC,SEA,,
2015,1,1,DL,95,N320US,SLC,ATL,-6.0,10.0
2015,1,1,NK,298,N514NK,LAS,IAH,-4.0,-4.0
2015,1,1,HA,17,N389HA,LAS,HNL,0.0,15.0
2015,1,1,US,617,N804AW,ANC,PHX,-9.0,-10.0
2015,1,1,UA,1528,N76519,SJU,EWR,3.0,-11.0
2015,1,1,AS,134,N464AS,ANC,SEA,-15.0,-35.0
2015,1,1,B6,304,N607JB,SJU,JFK,-2.0,11.0
2015,1,1,NK,451,N633NK,PBG,FLL,-16.0,-33.0
2015,1,1,NK,972,N606NK,PHX,DFW,-1.0,1.0
2015,1,1,AA,2459,N3BDAA,PHX,DFW,,
2015,1,1,AS,144,N514AS,ANC,PDX,-10.0,-11.0
2015,1,1,NK,647,N630NK,IAG,FLL,-5.0,-11.0
2015,1,1,B6,1990,N597JB,SJU,EWR,-14.0,4.0
2015,1,1,US,699,N172US,PHX,CLT,-11.0,-36.0
2015,1,1,AS,114,N303AS,ANC,SEA,-11.0,-12.0
2015,1,1,B6,668,N653JB,PSE,MCO,-7.0,-9.0
2015,1,1,UA,1162,N37293,BQN,EWR,-1.0,6.0
2015,1,1,B6,1030,N239JB,BQN,MCO,-3.0,20.0
2015,1,1,B6,262,N627JB,SJU,BOS,-14.0,-16.0
2015,1,1,B6,2134,N307JB,SJU,MCO,95.0,85.0
2015,1,1,B6,730,N621JB,BQN,MCO,4.0,-7.0
2015,1,1,B6,768,N317JB,PSE,MCO,-11.0,-1.0
2015,1,1,B6,2276,N646JB,SJU,BDL,72.0,89.0
2015,1,1,US,602,N197UW,ORD,PHX,-1.0,3.0
2015,1,1,AS,695,N607AS,GEG,SEA,-4.0,0.0
2015,1,1,HA,102,N492HA,HNL,ITO,-8.0,-6.0
2015,1,1,OO,5467,N701BR,ONT,SFO,13.0,9.0
2015,1,1,HA,108,N476HA,HNL,KOA,-1.0,5.0
2015,1,1,AS,730,N423AS,ANC,SEA,-8.0,-14.0
2015,1,1,HA,206,N484HA,HNL,OGG,-11.0,-11.0
2015,1,1,UA,1500,N30401,ORD,IAH,4.0,11.0
2015,1,1,AA,1323,N3CXAA,MCO,MIA,-3.0,-11.0
2015,1,1,NK,103,N616NK,BOS,MYR,-4.0,-10.0
2015,1,1,OO,7404,N8982A,HIB,MSP,-10.0,0.0
2015,1,1,OO,7419,N445SW,ABR,MSP,-2.0,-4.0
2015,1,1,OO,5254,N746SK,MAF,IAH,,
2015,1,1,US,480,N676AW,SEA,PHX,-5.0,-2.0
2015,1,1,AA,1057,N3ASAA,DFW,MIA,108.0,102.0
2015,1,1,AA,2454,N3ETAA,BOS,MIA,-5.0,2.0
2015,1,1,EV,4354,N12142,MKE,IAH,2.0,13.0
2015,1,1,US,425,N174US,PDX,PHX,60.0,60.0
2015,1,1,AA,89,N3KVAA,IAH,MIA,58.0,54.0
2015,1,1,DL,2099,N355NW,BNA,DTW,-9.0,-6.0
2015,1,1,EV,4685,N26545,BRO,IAH,-3.0,-5.0
2015,1,1,EV,5583,N882AS,VPS,ATL,-6.0,-15.0
2015,1,1,OO,5484,N824AS,BOI,SFO,5.0,3.0
2015,1,1,OO,7370,N432SW,BJI,MSP,-3.0,9.0
2015,1,1,HA,103,N477HA,HNL,LIH,-10.0,-12.0
2015,1,1,EV,5187,N720EV,BNA,ATL,0.0,5.0
2015,1,1,MQ,2859,N660MQ,SGF,DFW,,
2015,1,1,UA,1201,N79521,PHL,IAH,2.0,6.0
2015,1,1,UA,1221,N37281,PDX,DEN,4.0,4.0
2015,1,1,UA,1607,N36476,SEA,DEN,-1.0,-1.0
2015,1,1,AA,328,N4XKAA,DEN,DFW,53.0,66.0
2015,1,1,EV,5764,N832AS,SBN,ORD,-3.0,-14.0
2015,1,1,F9,1279,N918FR,PHL,MCO,-4.0,-18.0
2015,1,1,NK,409,N509NK,ORD,FLL,-4.0,-25.0
2015,1,1,OO,5460,N583SW,RDD,SFO,,
2015,1,1,OO,6391,N593ML,EUG,DEN,-4.0,13.0
2015,1,1,UA,1532,N77066,SFO,DEN,19.0,26.0
2015,1,1,UA,1167,N66837,ORD,DEN,7.0,3.0
2015,1,1,UA,1012,N17245,IAD,IAH,6.0,14.0
2015,1,1,B6,2001,N358JB,BUF,JFK,-5.0,-15.0
2015,1,1,B6,2807,N190JB,PWM,JFK,-7.0,-25.0
2015,1,1,B6,2023,N324JB,JFK,SJU,43.0,19.0
2015,1,1,EV,4557,N12967,CRP,IAH,-12.0,-21.0
2015,1,1,EV,5241,N849AS,PIA,DTW,-5.0,-18.0
2015,1,1,EV,5498,N132EV,ORD,DTW,15.0,-3.0
2015,1,1,OO,6512,N925SW,FAT,LAX,-5.0,0.0
2015,1,1,UA,1577,N69813,SMF,DEN,56.0,78.0
2015,1,1,OO,4986,N719SK,AUS,LAX,-3.0,-16.0
2015,1,1,B6,727,N292JB,BOS,BWI,-4.0,-21.0
2015,1,1,B6,1012,N375JB,ORD,BOS,-11.0,-33.0
2015,1,1,DL,824,N3736C,PHX,DTW,148.0,128.0
2015,1,1,DL,941,N910DN,MCI,ATL,6.0,-15.0
2015,1,1,DL,2079,N389DA,BOS,DTW,-3.0,-21.0
2015,1,1,EV,3268,N14998,ATL,IAD,16.0,14.0
2015,1,1,EV,4160,N11150,JAX,EWR,-9.0,-14.0
2015,1,1,OO,6285,N962SW,MFR,DEN,-2.0,25.0
2015,1,1,OO,5184,N776SK,SLC,IAH,-3.0,-16.0
2015,1,1,OO,6358,N926SW,IDA,DEN,-2.0,7.0
2015,1,1,F9,161,N905FR,MSN,DEN,-10.0,-11.0
2015,1,1,OO,4833,N554CA,MKE,DTW,-2.0,-21.0
2015,1,1,UA,1119,N69810,GEG,DEN,-3.0,-6.0
2015,1,1,UA,1237,N65832,SEA,IAH,-4.0,11.0
2015,1,1,UA,1540,N78509,DCA,IAH,5.0,-7.0
2015,1,1,AA,1433,N4YNAA,SAT,DFW,-6.0,-12.0
2015,1,1,AA,2299,N3LLAA,JFK,MIA,55.0,69.0
2015,1,1,B6,721,N623JB,BOS,PBI,6.0,-9.0
2015,1,1,B6,917,N606JB,BOS,JFK,-2.0,-13.0
2015,1,1,B6,939,N794JB,JFK,BQN,0.0,-19.0
2015,1,1,DL,1890,N377DA,DFW,ATL,18.0,-2.0
2015,1,1,EV,4646,N29917,CHS,EWR,-5.0,1.0
2015,1,1,F9,365,N218FR,MKE,DEN,36.0,17.0
2015,1,1,F9,117,N933FR,MSP,DEN,-7.0,-8.0
2015,1,1,MQ,2926,N932MQ,CHS,DFW,,
2015,1,1,OO,2599,N435SW,DEN,LAX,73.0,56.0
2015,1,1,OO,5482,N934SW,SBA,DEN,-3.0,10.0
2015,1,1,OO,6457,N560SW,SMX,LAX,,
2015,1,1,HA,218,N485HA,HNL,KOA,-8.0,-6.0
2015,1,1,B6,515,N337JB,BOS,BUF,-9.0,-6.0
2015,1,1,UA,228,N439UA,PDX,EWR,-3.0,-35.0
2015,1,1,US,641,N650AW,IND,PHX,-5.0,4.0
2015,1,1,UA,495,N548UA,LAX,DEN,0.0,-9.0
2015,1,1,UA,507,N808UA,CLE,IAH,39.0,43.0
2015,1,1,UA,1553,N37290,BOS,EWR,2.0,-19.0
2015,1,1,US,403,N660AW,DEN,PHX,0.0,-10.0
2015,1,1,US,446,N651AW,MCI,PHX,-6.0,-5.0
2015,1,1,AA,1178,N573AA,AUS,DFW,-2.0,-1.0
2015,1,1,AA,2410,N3BAAA,LAX,DFW,10.0,2.0
2015,1,1,DL,2453,N966DL,GSP,ATL,0.0,0.0
2015,1,1,B6,2228,N231JB,MCO,EWR,-2.0,-7.0
2015,1,1,EV,4555,N13133,MCI,IAH,-2.0,1.0
2015,1,1,EV,5698,N835AS,BDL,IAD,-7.0,-19.0
2015,1,1,MQ,3534,N925MQ,ABI,DFW,,
2015,1,1,EV,4339,N14179,RIC,IAH,-2.0,13.0
2015,1,1,OO,6204,N917SW,BFL,DEN,6.0,20.0
2015,1,1,OO,6261,N107SY,SAT,SFO,7.0,-19.0
2015,1,1,OO,5160,N794SK,OMA,IAH,15.0,21.0
2015,1,1,OO,6224,N956SW,RDM,DEN,-1.0,6.0
2015,1,1,B6,860,N656JB,FLL,BDL,-2.0,9.0
2015,1,1,EV,5230,N181PQ,CID,ATL,0.0,-17.0
2015,1,1,WN,526,N742SW,SFO,DEN,-2.0,-2.0
2015,1,1,UA,1222,N68452,MCO,LAX,2.0,4.0
2015,1,1,UA,1507,N31412,TPA,EWR,-6.0,-13.0
2015,1,1,AA,1094,N3DXAA,SEA,DFW,0.0,16.0
2015,1,1,AA,1233,N3HXAA,BOS,DFW,-4.0,-10.0
2015,1,1,B6,115,N284JB,SYR,JFK,-5.0,-13.0
2015,1,1,B6,185,N334JB,ROC,JFK,-5.0,-17.0
2015,1,1,EV,2519,N905EV,TYR,DFW,-9.0,-9.0
2015,1,1,EV,3928,N11140,MCI,ORD,-1.0,-12.0
2015,1,1,EV,3941,N16561,LAN,ORD,0.0,6.0
2015,1,1,EV,5976,N27200,BUF,EWR,213.0,226.0
2015,1,1,MQ,3161,N5PBMQ,XNA,DFW,,
2015,1,1,EV,5677,N12563,GSO,EWR,-18.0,-22.0
2015,1,1,NK,224,N607NK,ORD,LGA,-9.0,27.0
2015,1,1,UA,1457,N76529,LAX,IAH,-2.0,-16.0
2015,1,1,AA,1205,N3FKAA,EWR,MIA,-7.0,-13.0
2015,1,1,OO,5547,N910SW,ONT,DEN,119.0,116.0
2015,1,1,UA,210,N830UA,MSP,DEN,-4.0,-23.0
2015,1,1,UA,214,N454UA,PBI,IAH,-5.0,-3.0
2015,1,1,UA,247,N462UA,PHX,IAH,111.0,123.0
2015,1,1,UA,256,N464UA,RSW,IAH,0.0,-1.0
2015,1,1,UA,319,N498UA,EWR,MCO,3.0,-18.0
2015,1,1,UA,374,N415UA,OMA,ORD,12.0,-6.0
2015,1,1,US,635,N544UW,SMF,PHX,-9.0,12.0
2015,1,1,US,646,N654AW,OAK,PHX,-2.0,8.0
2015,1,1,US,1941,N708UW,PVD,CLT,-5.0,-14.0
2015,1,1,UA,422,N847UA,RNO,DEN,-3.0,14.0
2015,1,1,UA,544,N831UA,PIT,IAH,22.0,24.0
2015,1,1,UA,1016,N68807,DEN,IAH,-8.0,-4.0
2015,1,1,WN,4122,N486WN,BOS,BWI,-4.0,-26.0
2015,1,1,WN,4822,N293WN,LAS,BWI,2.0,-25.0
2015,1,1,WN,2215,N249WN,ABQ,HOU,7.0,22.0
2015,1,1,WN,676,N630WN,PHX,SLC,1.0,-6.0
2015,1,1,WN,2787,N910WN,PIT,FLL,-1.0,-26.0
2015,1,1,WN,4859,N8641B,PVD,BWI,6.0,-13.0
2015,1,1,WN,597,N768SW,SFO,ATL,-6.0,-16.0
2015,1,1,UA,1158,N73445,SFO,ORD,-3.0,-4.0
2015,1,1,UA,1163,N24224,MCO,EWR,-5.0,-18.0
2015,1,1,UA,1188,N68822,PDX,IAH,13.0,11.0
2015,1,1,UA,1198,N38451,BOS,ORD,-3.0,-11.0
2015,1,1,UA,1224,N87531,SFO,LAX,5.0,-11.0
2015,1,1,UA,1296,N37471,SAT,LAX,16.0,-3.0
2015,1,1,UA,1431,N36207,BOS,LAX,3.0,-5.0
2015,1,1,UA,1637,N33294,SEA,EWR,6.0,-14.0
2015,1,1,UA,1735,N66814,LAX,ORD,7.0,-16.0
2015,1,1,US,410,N765US,IAH,PHX,-7.0,-4.0
2015,1,1,US,459,N536UW,MCO,PHX,-3.0,10.0
2015,1,1,US,610,N560UW,SFO,PHX,-3.0,3.0
2015,1,1,AA,72,N5EKAA,DFW,MCO,6.0,3.0
2015,1,1,AA,196,N3FBAA,MIA,PHL,4.0,14.0
2015,1,1,AA,304,N4XHAA,SLC,DFW,1.0,12.0
2015,1,1,AA,175,N3EWAA,DCA,DFW,,
2015,1,1,AA,281,N3FXAA,MIA,DFW,-1.0,-1.0
2015,1,1,AA,233,N3BEAA,BWI,MIA,43.0,31.0
2015,1,1,AA,1100,N3GWAA,DFW,LGA,-6.0,-5.0
2015,1,1,AA,1103,N3HCAA,LGA,DFW,,
2015,1,1,AA,1028,N3BFAA,DEN,ORD,1.0,-27.0
2015,1,1,AA,1039,N541AA,MCI,DFW,6.0,3.0
2015,1,1,AA,1055,N573AA,MCO,DFW,,
2015,1,1,AA,1180,N3AYAA,SFO,DFW,,
2015,1,1,AA,1345,N439AA,TUL,DFW,-4.0,-11.0
2015,1,1,AA,1297,N3JYAA,LGA,MIA,68.0,50.0
2015,1,1,AA,1411,N585AA,LIT,DFW,-5.0,-10.0
2015,1,1,AA,1084,N3GFAA,MIA,LGA,-2.0,-9.0
2015,1,1,AA,1088,N201AA,LAS,DFW,-3.0,7.0
2015,1,1,AA,1534,N4YPAA,PDX,DFW,-4.0,-3.0
2015,1,1,AA,1573,N467AA,TPA,DFW,-6.0,-20.0
2015,1,1,AA,1660,N567AA,SMF,DFW,11.0,31.0
2015,1,1,AA,2204,N3GKAA,MSY,MIA,-5.0,-13.0
2015,1,1,AA,1515,N3HMAA,LAX,ORD,-3.0,-26.0
2015,1,1,AA,2307,N505AA,OMA,DFW,-6.0,5.0
2015,1,1,AA,2363,N560AA,OKC,DFW,10.0,30.0
2015,1,1,AS,81,N577AS,SEA,ANC,-3.0,-13.0
2015,1,1,AS,162,N792AS,FAI,ANC,-16.0,-9.0
2015,1,1,AS,200,N767AS,SEA,SJC,-10.0,-9.0
2015,1,1,AS,342,N440AS,SEA,OAK,-5.0,-16.0
2015,1,1,AS,406,N589AS,PDX,SJC,-5.0,-13.0
2015,1,1,AS,477,N453AS,LAX,SEA,-5.0,-9.0
2015,1,1,AS,631,N512AS,PHX,SEA,-5.0,-12.0
2015,1,1,AS,683,N618AS,DEN,SEA,-11.0,-34.0
2015,1,1,AS,699,N532AS,GEG,SEA,-2.0,3.0
2015,1,1,B6,130,N510JB,RSW,JFK,-3.0,-2.0
2015,1,1,B6,154,N536JB,PBI,JFK,-1.0,9.0
2015,1,1,B6,353,N570JB,JFK,PBI,-6.0,-22.0
2015,1,1,B6,226,N648JB,TPA,JFK,-7.0,-5.0
2015,1,1,B6,272,N556JB,FLL,LGA,-1.0,2.0
2015,1,1,B6,447,N527JB,OAK,LGB,-8.0,-10.0
2015,1,1,B6,371,N708JB,LGA,FLL,0.0,-6.0
2015,1,1,B6,583,N531JB,JFK,MCO,-3.0,-19.0
2015,1,1,B6,605,N766JB,EWR,FLL,-4.0,-21.0
2015,1,1,B6,525,N645JB,JFK,TPA,-6.0,-1.0
2015,1,1,B6,746,N587JB,PSE,JFK,-3.0,-5.0
2015,1,1,B6,776,N236JB,MSY,JFK,-10.0,-18.0
2015,1,1,B6,794,N519JB,AUS,JFK,-1.0,-10.0
2015,1,1,B6,838,N715JB,BQN,JFK,1.0,15.0
2015,1,1,B6,892,N598JB,TPA,BOS,-6.0,-12.0
2015,1,1,B6,1678,N618JB,JAX,JFK,0.0,8.0
2015,1,1,B6,1790,N203JB,DCA,BOS,-3.0,1.0
2015,1,1,DL,421,N967DL,JFK,ATL,5.0,-19.0
2015,1,1,DL,731,N323NB,LGA,DTW,4.0,-1.0
2015,1,1,DL,743,N341NW,RNO,SLC,0.0,18.0
2015,1,1,DL,750,N995AT,BOS,JFK,-4.0,-8.0
2015,1,1,DL,809,N931DN,BOS,MSP,0.0,2.0
2015,1,1,DL,904,N3748Y,LGA,ATL,1.0,-32.0
2015,1,1,DL,977,N988DL,ORD,ATL,2.0,-21.0
2015,1,1,DL,1088,N682DA,ANC,MSP,-3.0,-40.0
2015,1,1,DL,1098,N966AT,ATW,ATL,1.0,-32.0
2015,1,1,DL,1205,N612DL,PHX,ATL,124.0,107.0
2015,1,1,DL,1234,N912DE,PNS,ATL,-6.0,-20.0
2015,1,1,DL,1235,N358NW,MCO,SLC,-6.0,-10.0
2015,1,1,AA,1462,N547AA,ONT,DFW,,
2015,1,1,AA,913,N3JVAA,DCA,MIA,5.0,-1.0
2015,1,1,DL,1961,N947DN,RIC,ATL,-6.0,-28.0
2015,1,1,DL,2154,N813DN,LAX,ATL,-1.0,-20.0
2015,1,1,DL,2282,N974DL,BOS,ATL,-2.0,-22.0
2015,1,1,DL,2417,N554NW,LAS,DTW,-1.0,-22.0
2015,1,1,DL,1540,N903DE,OKC,ATL,-10.0,-3.0
2015,1,1,DL,1574,N532US,MCO,MSP,-10.0,-7.0
2015,1,1,DL,1700,N952DL,MEM,ATL,17.0,-6.0
2015,1,1,DL,1867,N934AT,TUL,ATL,-5.0,-24.0
2015,1,1,DL,1937,N905DA,BWI,DTW,-9.0,-19.0
2015,1,1,B6,159,N193JB,BOS,PHL,-6.0,-21.0
2015,1,1,B6,198,N523JB,MCO,LGA,-3.0,2.0
2015,1,1,B6,1502,N535JB,FLL,JFK,10.0,17.0
2015,1,1,B6,1504,N640JB,SJU,JFK,27.0,59.0
2015,1,1,B6,1600,N351JB,BOS,DCA,-8.0,-23.0
2015,1,1,EV,2533,N906EV,TYS,DFW,-1.0,10.0
2015,1,1,EV,4213,N17560,MHT,ORD,-5.0,-4.0
2015,1,1,EV,4431,N14158,SAV,EWR,86.0,85.0
2015,1,1,EV,4411,N14568,MEM,EWR,-8.0,-20.0
2015,1,1,EV,4756,N13908,CLT,ORD,-1.0,18.0
2015,1,1,EV,4768,N16987,TYS,IAD,-7.0,-2.0
2015,1,1,EV,4740,N11107,GRB,ORD,-4.0,-10.0
2015,1,1,EV,5103,N846AS,ABE,DTW,-8.0,-20.0
2015,1,1,EV,5275,N861AS,JAN,ATL,-1.0,-10.0
2015,1,1,EV,5491,N838AS,OAJ,ATL,-8.0,-3.0
2015,1,1,EV,5978,N21129,FAR,ORD,3.0,0.0
2015,1,1,EV,5917,N13997,JAN,ORD,-4.0,-19.0
2015,1,1,EV,6133,N12996,ERI,ORD,16.0,19.0
2015,1,1,EV,6082,N12122,ATW,ORD,0.0,0.0
2015,1,1,EV,6122,N16559,LEX,ORD,-4.0,-11.0
2015,1,1,EV,6143,N12921,CWA,ORD,-10.0,-3.0
2015,1,1,F9,865,,MSO,DEN,,
2015,1,1,F9,1256,,ORD,MIA,,
2015,1,1,F9,1104,N211FR,CLE,FLL,-4.0,-22.0
2015,1,1,F9,1057,N919FR,IAH,SFO,-8.0,-6.0
2015,1,1,F9,144,N924FR,SEA,DEN,5.0,0.0
2015,1,1,F9,1056,N929FR,SFO,IAH,-8.0,1.0
2015,1,1,F9,901,N939FR,TTN,ATL,-3.0,-11.0
2015,1,1,F9,902,N949FR,ATL,TTN,19.0,24.0
2015,1,1,HA,202,N491HA,HNL,ITO,-7.0,-4.0
2015,1,1,MQ,2898,N514MQ,MAF,DFW,,
2015,1,1,MQ,2957,N504MQ,AMA,DFW,,
2015,1,1,MQ,2962,N609MQ,CLL,DFW,,
2015,1,1,MQ,3014,N908MQ,HOU,DFW,,
2015,1,1,MQ,3015,N825MQ,DFW,BTR,,
2015,1,1,MQ,3079,N646MQ,JLN,DFW,,
2015,1,1,MQ,3189,N532MQ,CID,DFW,,
2015,1,1,MQ,3302,N649MQ,MLI,DFW,,
2015,1,1,MQ,3338,N925MQ,GSP,DFW,,
2015,1,1,MQ,3350,N830MQ,RDU,JFK,-5.0,3.0
2015,1,1,MQ,3355,N618MQ,CVG,MIA,-4.0,-7.0
2015,1,1,MQ,3251,N615MQ,MHK,DFW,,
2015,1,1,MQ,3377,N631MQ,MOB,DFW,,
2015,1,1,MQ,3441,N698MQ,TLH,DFW,,
2015,1,1,MQ,3540,N602MQ,PNS,MIA,-5.0,-12.0
2015,1,1,MQ,3488,N620MQ,BHM,MIA,0.0,-5.0
2015,1,1,MQ,3597,N612MQ,CVG,DFW,,
2015,1,1,MQ,3611,N902MQ,CAE,DFW,,
2015,1,1,MQ,3678,N625MQ,TXK,DFW,,
2015,1,1,NK,188,N505NK,OAK,LAS,-9.0,-8.0
2015,1,1,NK,925,N634NK,DFW,OAK,0.0,-29.0
2015,1,1,NK,943,N605NK,ACY,RSW,102.0,86.0
2015,1,1,NK,316,N601NK,DTW,LGA,-2.0,58.0
2015,1,1,NK,972,N606NK,DFW,FLL,3.0,35.0
2015,1,1,OO,2622,N492SW,SMF,LAX,-9.0,-2.0
2015,1,1,OO,6360,N952SW,RAP,DEN,0.0,8.0
2015,1,1,OO,6369,N763SK,TUS,SFO,4.0,6.0
2015,1,1,OO,5330,N652BR,EAU,ORD,-8.0,-29.0
2015,1,1,OO,5292,N971SW,DLH,ORD,-4.0,-4.0
2015,1,1,OO,6276,N715SK,FSD,ORD,-3.0,2.0
2015,1,1,OO,6235,N114SY,AUS,SFO,-4.0,-16.0
2015,1,1,OO,3489,N227AG,FAT,SEA,-3.0,3.0
2015,1,1,OO,3461,N223AG,ONT,PDX,-10.0,-19.0
2015,1,1,OO,7423,N427SW,INL,BRD,-10.0,-3.0
2015,1,1,OO,5318,N946SW,CMX,ORD,,
2015,1,1,OO,5445,N579SW,SMF,SFO,,
2015,1,1,OO,5242,N744SK,BOI,LAX,39.0,30.0
2015,1,1,OO,5462,N929EV,SPI,ORD,4.0,5.0
2015,1,1,OO,5466,N568SW,CLD,LAX,54.0,88.0
2015,1,1,OO,5550,N594SW,COD,DEN,-1.0,-1.0
2015,1,1,OO,5574,N563SW,FAT,SFO,0.0,7.0
2015,1,1,MQ,3221,N682MQ,CMH,MIA,-5.0,-11.0
2015,1,1,MQ,3224,N631MQ,LRD,DFW,,
2015,1,1,OO,5522,N796SK,PSC,DEN,1.0,4.0
2015,1,1,OO,5592,N494CA,CPR,DEN,4.0,9.0
2015,1,1,OO,5604,N292SW,ACV,SFO,-10.0,10.0
2015,1,1,OO,5170,N791SK,DAL,IAH,22.0,12.0
2015,1,1,OO,5429,N958SW,PAH,ORD,-9.0,-23.0
2015,1,1,OO,5435,N976SW,PSC,SFO,-4.0,-1.0
2015,1,1,OO,6378,N767SK,CID,ORD,10.0,-1.0
2015,1,1,OO,6401,N740SK,EUG,SFO,-3.0,-7.0
2015,1,1,OO,6332,N708SK,DFW,DEN,-4.0,9.0
2015,1,1,OO,6346,N291SW,MRY,SFO,-5.0,-12.0
2015,1,1,OO,6465,N495CA,SLC,LAX,4.0,-6.0
2015,1,1,OO,7392,N438SW,ESC,DTW,-2.0,-21.0
2015,1,1,OO,6403,N983SW,MFR,SFO,-3.0,-6.0
2015,1,1,OO,6497,N913SW,FAT,DEN,-1.0,33.0
2015,1,1,UA,576,N817UA,SFO,EWR,-9.0,-23.0
2015,1,1,UA,1410,N76523,LAS,IAH,0.0,-7.0
2015,1,1,UA,1689,N39461,EWR,SFO,1.0,-20.0
2015,1,1,EV,6020,N11121,ISN,DEN,-2.0,-9.0
2015,1,1,HA,113,N486HA,HNL,LIH,-4.0,-2.0
2015,1,1,OO,5629,N726SK,PSP,SFO,31.0,17.0
2015,1,1,OO,6420,N924SW,PSP,DEN,131.0,144.0
2015,1,1,UA,223,N816UA,SAT,IAH,8.0,0.0
2015,1,1,UA,996,N406UA,LAX,EWR,0.0,-32.0
2015,1,1,UA,1721,N75425,LAX,SFO,-2.0,-14.0
2015,1,1,EV,4390,N15986,CLE,IAD,-5.0,-1.0
2015,1,1,EV,5732,N833AS,CAE,IAD,2.0,7.0
2015,1,1,F9,756,N948FR,PHX,DEN,0.0,4.0
2015,1,1,UA,234,N838UA,SMF,IAH,8.0,19.0
2015,1,1,UA,415,N509UA,JFK,SFO,0.0,-4.0
2015,1,1,US,647,N664AW,BOS,PHX,9.0,13.0
2015,1,1,US,829,N723UW,BOS,CLT,-4.0,-3.0
2015,1,1,US,1743,N839AW,DTW,MIA,-4.0,-26.0
2015,1,1,UA,1023,N73276,FLL,EWR,-5.0,-10.0
2015,1,1,WN,2505,N467WN,GEG,DEN,-1.0,-9.0
2015,1,1,WN,239,N653SW,SAT,STL,-6.0,-22.0
2015,1,1,WN,474,N614SW,ONT,DEN,4.0,0.0
2015,1,1,UA,1245,N39726,CLE,EWR,-3.0,-21.0
2015,1,1,US,560,N663AW,DFW,PHX,7.0,8.0
2015,1,1,AA,310,N201AA,MFE,DFW,,
2015,1,1,AA,375,N4WLAA,STL,DFW,-8.0,-17.0
2015,1,1,AA,378,N3BGAA,SJU,MIA,-8.0,11.0
2015,1,1,AA,1291,N4XYAA,MKE,DFW,0.0,-11.0
2015,1,1,AS,320,N622AS,SEA,SFO,-3.0,-3.0
2015,1,1,AS,602,N407AS,SEA,LAS,-3.0,0.0
2015,1,1,B6,233,N247JB,BTV,JFK,-12.0,-16.0
2015,1,1,B6,601,N559JB,JFK,FLL,-2.0,-2.0
2015,1,1,B6,735,N821JB,SFO,LGB,-8.0,-14.0
2015,1,1,B6,922,N809JB,PBI,BOS,16.0,28.0
2015,1,1,B6,1184,N641JB,MCO,JFK,-5.0,10.0
2015,1,1,B6,1434,N503JB,SJU,MCO,93.0,88.0
2015,1,1,DL,1065,N975DL,BDL,ATL,-4.0,-26.0
2015,1,1,DL,1456,N3759 ,RDU,ATL,56.0,39.0
2015,1,1,DL,1723,N336NB,SFO,SLC,-1.0,-2.0
2015,1,1,EV,4642,N14143,TUS,IAH,8.0,19.0
2015,1,1,EV,4928,N933EV,PIA,ATL,-5.0,-24.0
2015,1,1,F9,609,N223FR,IND,DEN,-9.0,-19.0
2015,1,1,F9,821,N920FR,MCI,DEN,2.0,6.0
2015,1,1,F9,133,N951FR,DFW,DEN,57.0,52.0
2015,1,1,MQ,2881,N907MQ,FSM,DFW,,
2015,1,1,MQ,2771,N667MQ,AEX,DFW,,
2015,1,1,MQ,3288,N838MQ,SPS,DFW,,
2015,1,1,MQ,3328,N640MQ,ACT,DFW,,
2015,1,1,MQ,3408,N625MQ,SJT,DFW,,
2015,1,1,MQ,3643,N923MQ,JAN,DFW,,
2015,1,1,HA,286,N480HA,HNL,OGG,-5.0,-1.0
2015,1,1,OO,5181,N788SK,OKC,LAX,-3.0,9.0
2015,1,1,OO,6499,N945SW,FAR,DEN,5.0,-3.0
2015,1,1,UA,1160,N76522,SFO,IAH,-5.0,-2.0
2015,1,1,UA,1601,N37466,EWR,FLL,-8.0,-37.0
2015,1,1,OO,6461,N959SW,MTJ,DEN,-7.0,2.0
2015,1,1,NK,606,N623NK,RSW,DTW,-6.0,7.0
2015,1,1,OO,7389,N561SW,GCC,RKS,-5.0,-9.0
2015,1,1,UA,220,N813UA,MSY,EWR,-2.0,-14.0
2015,1,1,UA,654,N422UA,ORD,MCO,-5.0,-21.0
2015,1,1,EV,6119,N16951,RIC,ORD,0.0,4.0
2015,1,1,OO,5456,N920SW,RDM,SFO,-9.0,-23.0
2015,1,1,HA,205,N484HA,OGG,HNL,-8.0,-4.0
2015,1,1,OO,4494,N431SW,SJC,SLC,-10.0,12.0
2015,1,1,OO,5370,N979SW,ORD,MBS,-3.0,-13.0
2015,1,1,US,1709,N677AW,EWR,CLT,6.0,15.0
2015,1,1,WN,828,N8303R,PHX,BWI,0.0,-24.0
2015,1,1,UA,1632,N37464,SEA,IAD,-5.0,-29.0
2015,1,1,UA,1725,N72405,LAS,SFO,-4.0,-20.0
2015,1,1,AA,168,N5BSAA,DFW,MIA,-7.0,-18.0
2015,1,1,AA,1315,N424AA,BNA,DFW,,
2015,1,1,AA,1336,N3LCAA,PHX,DFW,-7.0,-6.0
2015,1,1,AA,1619,N3AMAA,BOS,MIA,-5.0,-17.0
2015,1,1,AA,1686,N4XXAA,LAX,STL,-1.0,-11.0
2015,1,1,AS,345,N469AS,OAK,SEA,-2.0,-8.0
2015,1,1,AS,454,N442AS,SEA,LAX,1.0,-4.0
2015,1,1,B6,57,N348JB,BOS,IAD,-7.0,-24.0
2015,1,1,B6,24,N923JB,LAX,JFK,10.0,-11.0
2015,1,1,B6,1279,N355JB,DCA,FLL,-7.0,-14.0
2015,1,1,B6,1836,N281JB,DTW,BOS,-7.0,-35.0
2015,1,1,AA,1361,N3KYAA,BNA,LAX,-3.0,-8.0
2015,1,1,DL,327,N692DL,PHL,ATL,-2.0,-31.0
2015,1,1,DL,1492,N819DN,PHX,MSP,106.0,93.0
2015,1,1,B6,1554,N760JB,SJU,FLL,15.0,19.0
2015,1,1,EV,4556,N41104,VPS,IAH,-3.0,-3.0
2015,1,1,EV,6071,N14186,GUC,DEN,7.0,12.0
2015,1,1,F9,1252,N910FR,MIA,LGA,38.0,40.0
2015,1,1,MQ,3323,N613MQ,RIC,MIA,-1.0,-15.0
2015,1,1,MQ,3601,N530MQ,DTW,LGA,-7.0,-25.0
2015,1,1,MQ,3551,N663MQ,ORF,MIA,-5.0,-4.0
2015,1,1,OO,5572,N970SW,MOT,DEN,-10.0,-29.0
2015,1,1,AA,1312,N021AA,STL,MIA,-8.0,-28.0
2015,1,1,B6,269,N834JB,BOS,FLL,-4.0,-20.0
2015,1,1,EV,4506,N12552,MLU,IAH,29.0,28.0
2015,1,1,OO,5337,N961SW,MAF,DEN,,
2015,1,1,NK,562,N510NK,LAX,LAS,-5.0,-9.0
2015,1,1,UA,416,N496UA,PDX,ORD,-2.0,-13.0
2015,1,1,B6,1403,N763JB,JFK,SJU,-2.0,-23.0
2015,1,1,HA,107,N476HA,KOA,HNL,6.0,11.0
2015,1,1,OO,4681,N783CA,EUG,SLC,-7.0,-10.0
2015,1,1,US,1754,N815AW,RNO,PHX,-10.0,-5.0
2015,1,1,US,1789,N543UW,PHX,CLT,14.0,-7.0
2015,1,1,WN,1966,N466WN,CMH,ATL,136.0,116.0
2015,1,1,WN,2351,N7728D,HOU,ATL,-3.0,-7.0
2015,1,1,WN,137,N621SW,HOU,PHX,-2.0,-4.0
2015,1,1,AA,1125,N3KCAA,DTW,DFW,,
2015,1,1,AA,1165,N3ACAA,BOS,JFK,-2.0,-13.0
2015,1,1,AA,1581,N3KGAA,DFW,DCA,,
2015,1,1,AA,2253,N437AA,MSP,DFW,3.0,-6.0
2015,1,1,AS,504,N627AS,SEA,SNA,-6.0,-5.0
2015,1,1,B6,99,N274JB,BDL,DCA,-8.0,-23.0
2015,1,1,B6,962,N709JB,SJU,BOS,76.0,90.0
2015,1,1,B6,2006,N566JB,FLL,EWR,0.0,8.0
2015,1,1,DL,828,N910AT,MOB,ATL,-2.0,-13.0
2015,1,1,DL,978,N693DL,SAN,SLC,-4.0,-10.0
2015,1,1,DL,985,N352NW,LAS,SLC,-6.0,-13.0
2015,1,1,DL,1275,N920DN,DCA,DTW,-6.0,3.0
2015,1,1,DL,2384,N361NB,SMF,SLC,-7.0,16.0
2015,1,1,DL,1610,N385DN,DEN,DTW,-2.0,-44.0
2015,1,1,DL,1866,N827DN,SFO,ATL,1.0,-3.0
2015,1,1,DL,1919,N321NB,LGA,MSP,-4.0,-4.0
2015,1,1,EV,2522,N879AS,LAW,DFW,364.0,376.0
2015,1,1,EV,2512,N901EV,BRO,DFW,-11.0,-24.0
2015,1,1,EV,2572,N876AS,PIB,MEI,-8.0,-11.0
2015,1,1,EV,4531,N14204,CHS,IAH,8.0,36.0
2015,1,1,EV,4655,N13202,MEM,IAH,6.0,9.0
2015,1,1,EV,5123,N847AS,MGM,ATL,-6.0,-12.0
2015,1,1,F9,582,N221FR,SLC,DEN,2.0,14.0
2015,1,1,F9,439,N931FR,OMA,DEN,-6.0,-12.0
2015,1,1,MQ,2958,N657MQ,FAR,DFW,,
2015,1,1,MQ,3432,N546MQ,DCA,JFK,164.0,161.0
2015,1,1,MQ,3613,N932MQ,MSN,DFW,,
2015,1,1,MQ,3568,N528MQ,CMH,LGA,-5.0,-20.0
2015,1,1,OO,5348,N562SW,SBP,LAX,-2.0,-9.0
2015,1,1,OO,5256,N789SK,COS,IAH,-1.0,13.0
2015,1,1,OO,4747,N810SK,OAK,SLC,-3.0,-1.0
2015,1,1,OO,5464,N296SW,LAR,DEN,-4.0,11.0
2015,1,1,OO,5608,N930SW,SAN,LAX,-1.0,-5.0
2015,1,1,OO,5636,N237SW,BFL,SFO,-7.0,-10.0
2015,1,1,OO,6571,N886AS,DRO,PHX,16.0,56.0
2015,1,1,OO,6573,N468CA,MRY,PHX,-5.0,-15.0
2015,1,1,OO,6616,N897SK,FAT,PHX,-1.0,10.0
2015,1,1,NK,612,N635NK,MSP,ORD,2.0,-19.0
2015,1,1,NK,940,N508NK,DFW,ORD,3.0,-17.0
2015,1,1,OO,6368,N874AS,BIS,DEN,-4.0,-9.0
2015,1,1,HA,101,N492HA,ITO,HNL,-1.0,1.0
2015,1,1,B6,762,N775JB,PBI,LGA,12.0,11.0
2015,1,1,OO,5249,N118SY,SAT,ORD,29.0,-3.0
2015,1,1,UA,207,N446UA,FLL,IAH,-6.0,-5.0
2015,1,1,US,1931,N833AW,BUF,CLT,5.0,4.0
2015,1,1,UA,732,N824UA,SEA,ORD,-7.0,-28.0
2015,1,1,WN,698,N422WN,CMH,FLL,3.0,-9.0
2015,1,1,WN,799,N7736A,LAS,HOU,-2.0,-2.0
2015,1,1,WN,687,N789SW,PVD,MCO,11.0,-4.0
2015,1,1,WN,823,N7707C,SAN,BWI,0.0,-23.0
2015,1,1,WN,603,N461WN,SAN,MDW,-3.0,-29.0
2015,1,1,WN,885,N276WN,SMF,PHX,-5.0,-10.0
2015,1,1,UA,1192,N69804,SAN,DEN,-2.0,-9.0
2015,1,1,UA,1568,N24212,SAN,EWR,-5.0,-42.0
2015,1,1,US,460,N640AW,SJC,PHX,-6.0,-9.0
2015,1,1,AA,269,N557AA,SJC,DFW,,
2015,1,1,AA,1186,N5CPAA,DFW,BOS,-6.0,-5.0
2015,1,1,AA,1390,N496AA,SAN,DFW,-8.0,-24.0
2015,1,1,AA,2420,N3ERAA,LAX,DFW,-1.0,-1.0
2015,1,1,AS,545,N519AS,ONT,SEA,-7.0,-10.0
2015,1,1,AA,955,N3AAAA,RDU,MIA,-8.0,10.0
2015,1,1,DL,2129,N911DA,ROC,ATL,3.0,-10.0
2015,1,1,DL,1518,N591NW,MCO,ATL,-7.0,-9.0
2015,1,1,DL,1588,N327NB,DCA,MSP,-1.0,6.0
2015,1,1,EV,4468,N14125,CAE,IAH,1.0,24.0
2015,1,1,EV,5534,N695CA,BTR,ATL,0.0,-14.0
2015,1,1,F9,1338,N906FR,IAD,MSP,-11.0,-15.0
2015,1,1,MQ,3205,N680MQ,SAV,DFW,,
2015,1,1,MQ,3173,N614MQ,GRI,DFW,,
2015,1,1,NK,470,N534NK,PDX,SAN,-4.0,-12.0
2015,1,1,NK,742,N632NK,DFW,MSP,5.0,-5.0
2015,1,1,OO,4762,N935SW,PSP,SLC,10.0,9.0
2015,1,1,OO,4716,N8903A,ISN,MSP,-3.0,-7.0
2015,1,1,OO,5616,N961SW,HLN,DEN,0.0,3.0
2015,1,1,UA,1026,N39423,MCO,IAH,16.0,20.0
2015,1,1,B6,1481,N318JB,BOS,RIC,-5.0,-11.0
2015,1,1,F9,344,N932FR,BZN,DEN,-9.0,-12.0
2015,1,1,OO,4624,N822SK,FAT,SLC,-2.0,12.0
2015,1,1,OO,6372,N742SK,FSD,DEN,4.0,-2.0
2015,1,1,NK,200,N530NK,IAH,ORD,-3.0,-15.0
2015,1,1,UA,206,N487UA,EWR,IAH,-1.0,-3.0
2015,1,1,DL,1515,N902DE,PIT,DTW,-3.0,-31.0
2015,1,1,US,1982,N152UW,FLL,CLT,-9.0,-10.0
2015,1,1,UA,525,N471UA,MIA,EWR,-1.0,3.0
2015,1,1,WN,871,N7814B,DEN,ATL,0.0,-19.0
2015,1,1,WN,343,N8649A,MDW,PHX,0.0,11.0
2015,1,1,US,598,N561UW,LAX,PHL,-1.0,-17.0
2015,1,1,AA,127,N3GHAA,IAD,DFW,-3.0,17.0
2015,1,1,AA,387,N4XXAA,LAX,AUS,,
2015,1,1,AA,1079,N3KKAA,CLT,DFW,-5.0,7.0
2015,1,1,AA,1207,N3DPAA,PHL,DFW,164.0,167.0
2015,1,1,AA,1343,N3GLAA,DFW,CLT,-7.0,-18.0
2015,1,1,AA,1635,N025AA,ATL,DFW,,
2015,1,1,AA,2379,N3KPAA,RDU,DFW,-7.0,5.0
2015,1,1,AA,2272,N514AA,SAT,DFW,-6.0,-22.0
2015,1,1,AS,124,N593AS,FAI,SEA,-11.0,4.0
2015,1,1,B6,70,N228JB,FLL,BOS,-1.0,5.0
2015,1,1,B6,966,N580JB,RSW,BOS,3.0,3.0
2015,1,1,DL,891,N924DN,MIA,ATL,-4.0,-19.0
2015,1,1,DL,2234,N970DL,BWI,MSP,44.0,36.0
2015,1,1,DL,2480,N979AT,MDT,ATL,-6.0,-35.0
2015,1,1,B6,2180,N368JB,EWR,BOS,-6.0,-11.0
2015,1,1,EV,5221,N921EV,SCE,DTW,-15.0,-25.0
2015,1,1,F9,308,N935FR,GEG,DEN,-7.0,-6.0
2015,1,1,MQ,3609,N836MQ,LEX,DFW,,
2015,1,1,MQ,3634,N606MQ,VPS,DFW,,
2015,1,1,NK,969,N516NK,BWI,ORD,-6.0,4.0
2015,1,1,OO,6557,N889AS,SBA,PHX,-3.0,12.0
2015,1,1,OO,6564,N896SK,SBP,PHX,-8.0,-11.0
2015,1,1,EV,4418,N14153,PNS,IAH,-6.0,-4.0
2015,1,1,OO,6230,N727SK,COS,DEN,-6.0,-9.0
2015,1,1,EV,3272,N23139,CLE,ORD,-4.0,-10.0
2015,1,1,HA,104,N477HA,LIH,HNL,-7.0,-9.0
2015,1,1,OO,7396,N675BR,TWF,SLC,-1.0,1.0
2015,1,1,DL,1592,N723TW,SAN,ATL,-1.0,-19.0
2015,1,1,UA,195,N69818,BDL,ORD,11.0,5.0
2015,1,1,US,649,N912UY,LAX,PHX,-5.0,4.0
2015,1,1,US,674,N831AW,EWR,PHX,0.0,22.0
2015,1,1,US,835,N293AY,PHL,CLT,0.0,-2.0
2015,1,1,UA,572,N404UA,AUS,IAH,28.0,20.0
2015,1,1,UA,577,N458UA,SFO,EWR,76.0,55.0
2015,1,1,OO,5628,N507CA,RNO,SFO,-11.0,-6.0
2015,1,1,WN,4570,N8611F,SEA,MDW,4.0,-9.0
2015,1,1,WN,660,N275WN,SJU,TPA,-1.0,3.0
2015,1,1,UA,1231,N17229,HNL,LAX,2.0,-15.0
2015,1,1,US,401,N732US,CLT,PHL,-7.0,-1.0
2015,1,1,US,433,N601AW,JFK,PHX,-2.0,5.0
2015,1,1,US,567,N524UW,SAN,PHX,-7.0,7.0
2015,1,1,US,595,N519UW,ONT,PHX,164.0,156.0
2015,1,1,AA,148,N3EJAA,MIA,CLT,-6.0,-11.0
2015,1,1,AA,330,N3EWAA,PBI,ORD,-4.0,8.0
2015,1,1,AA,1381,N492AA,EWR,DFW,-3.0,10.0
2015,1,1,AS,157,N762AS,ANC,OTZ,-8.0,-10.0
2015,1,1,AS,499,N551AS,SAN,SEA,-3.0,-9.0
2015,1,1,AS,573,N467AS,SAN,PDX,-6.0,-8.0
2015,1,1,B6,23,N937JB,JFK,LAX,-3.0,4.0
2015,1,1,B6,1099,N508JB,LGA,MCO,-1.0,-30.0
2015,1,1,B6,929,N526JB,JFK,RSW,-2.0,-17.0
2015,1,1,B6,1285,N184JB,BOS,PIT,19.0,2.0
2015,1,1,DL,418,N706TW,SFO,JFK,-2.0,-20.0
2015,1,1,DL,783,N962DN,MSP,ATL,-4.0,-16.0
2015,1,1,DL,1984,N946DN,AUS,ATL,-5.0,-22.0
2015,1,1,DL,2114,N397DA,COS,ATL,2.0,-7.0
2015,1,1,DL,2283,N695DL,DTW,ATL,-2.0,-31.0
2015,1,1,DL,2370,N339NB,MSY,LGA,-6.0,-3.0
2015,1,1,DL,1598,N669DN,SEA,ATL,1.0,13.0
2015,1,1,DL,1809,N970AT,EWR,ATL,-1.0,-38.0
2015,1,1,DL,1872,N6705Y,TPA,ATL,-1.0,-15.0
2015,1,1,EV,2549,N909EV,BPT,DFW,0.0,1.0
2015,1,1,EV,3261,N13123,RIC,IAD,-1.0,-7.0
2015,1,1,EV,3929,N13118,EWR,JAX,0.0,-13.0
2015,1,1,EV,4306,N13970,GPT,IAH,-7.0,-5.0
2015,1,1,F9,295,N202FR,TPA,DEN,80.0,69.0
2015,1,1,F9,711,N203FR,RSW,DEN,17.0,9.0
2015,1,1,F9,1246,N912FR,DEN,DFW,4.0,17.0
2015,1,1,F9,1108,N947FR,CLE,MCO,-2.0,-6.0
2015,1,1,MQ,2913,N600MQ,GPT,DFW,,
2015,1,1,MQ,3649,N935MQ,MGM,DFW,,
2015,1,1,OO,2604,N693BR,SAN,LAX,-10.0,-16.0
2015,1,1,NK,379,N503NK,ACY,MYR,-9.0,10.0
2015,1,1,OO,5381,N937SW,STC,ORD,-7.0,7.0
2015,1,1,OO,4553,N820SK,BOI,LAX,-6.0,-9.0
2015,1,1,OO,5186,N471CA,SFO,SAN,7.0,-4.0
2015,1,1,OO,5581,N755SK,MSP,LAX,0.0,12.0
2015,1,1,OO,6588,N885AS,BFL,PHX,0.0,-1.0
2015,1,1,UA,1534,N75432,TPA,ORD,-2.0,-5.0
2015,1,1,EV,5764,N832AS,ORD,IAD,-5.0,-17.0
2015,1,1,HA,114,N493HA,HNL,OGG,-5.0,-6.0
2015,1,1,B6,675,N294JB,JFK,MSY,-8.0,2.0
2015,1,1,OO,5297,N908SW,MKE,ORD,-10.0,-25.0
2015,1,1,UA,410,N403UA,MIA,ORD,-2.0,19.0
2015,1,1,US,700,N675AW,SEA,PHL,-8.0,-23.0
2015,1,1,WN,1926,N7745A,SAT,ATL,-1.0,-10.0
2015,1,1,WN,1119,N965WN,PDX,MDW,-3.0,-6.0
2015,1,1,US,474,N604AW,LAS,PHX,-7.0,-13.0
2015,1,1,AA,129,N4WPAA,JAX,DFW,13.0,8.0
2015,1,1,AA,1349,N4XJAA,MSY,DFW,,
2015,1,1,AA,1543,N486AA,PIT,DFW,-8.0,-27.0
2015,1,1,AA,2220,N586AA,COS,DFW,-12.0,-9.0
2015,1,1,AS,240,N569AS,SEA,SAN,-6.0,-8.0
2015,1,1,AS,576,N323AS,PDX,SAN,-7.0,-12.0
2015,1,1,AS,724,N612AS,SEA,SLC,-10.0,-10.0
2015,1,1,B6,475,N599JB,PVD,MCO,-6.0,8.0
2015,1,1,B6,1467,N216JB,HPN,PBI,-11.0,-26.0
2015,1,1,AA,1441,N3GYAA,JFK,LAS,21.0,45.0
2015,1,1,DL,2005,N990DL,MLB,ATL,-3.0,-17.0
2015,1,1,DL,2290,N963DN,PIT,ATL,-2.0,-41.0
2015,1,1,DL,1864,N360NW,SAN,MSP,-3.0,-10.0
2015,1,1,EV,5579,N136EV,ABE,ATL,-7.0,-20.0
2015,1,1,MQ,3443,N635MQ,SPI,DFW,,
2015,1,1,OO,4758,N440SW,PLN,DTW,-9.0,-1.0
2015,1,1,OO,3460,N219AG,PDX,ONT,0.0,-13.0
2015,1,1,UA,665,N401UA,RSW,EWR,-6.0,-15.0
2015,1,1,DL,1056,N922DX,SJC,MSP,-5.0,-2.0
2015,1,1,OO,4577,N455SW,CIU,DTW,-3.0,-17.0
2015,1,1,US,1718,N939UW,MCO,CLT,-3.0,-8.0
2015,1,1,US,1943,N508AY,BWI,CLT,-3.0,-2.0
2015,1,1,US,1946,N915US,EWR,CLT,8.0,-9.0
2015,1,1,WN,795,N968WN,AUS,ATL,-3.0,-19.0
2015,1,1,WN,692,N221WN,CAK,MCO,-4.0,-16.0
2015,1,1,WN,1170,N902WN,FLL,LAS,-1.0,-15.0
2015,1,1,WN,653,N934WN,MKE,LAS,-5.0,-12.0
2015,1,1,WN,890,N717SA,PHX,MDW,-7.0,-16.0
2015,1,1,WN,832,N8616C,SJC,LAS,0.0,-5.0
2015,1,1,UA,1284,N11206,LAS,EWR,-1.0,-37.0
2015,1,1,UA,1748,N16703,ORD,EWR,3.0,2.0
2015,1,1,AA,1305,N456AA,DSM,DFW,-7.0,-3.0
2015,1,1,AA,1285,N576AA,IAH,DFW,,
2015,1,1,AA,1562,N475AA,RIC,DFW,-4.0,-7.0
2015,1,1,AS,548,N306AS,BLI,SEA,-8.0,14.0
2015,1,1,AS,558,N307AS,PDX,LAX,3.0,-5.0
2015,1,1,AS,560,N435AS,SEA,PSP,-4.0,-16.0
2015,1,1,AS,569,N471AS,LAX,PDX,-1.0,-7.0
2015,1,1,AS,662,N302AS,SEA,DFW,-7.0,10.0
2015,1,1,AS,709,N769AS,SLC,SJC,67.0,50.0
2015,1,1,AA,2476,N3LEAA,BDL,MIA,-6.0,20.0
2015,1,1,DL,1332,N540US,RSW,ATL,0.0,-8.0
2015,1,1,DL,2135,N990AT,TPA,LGA,-6.0,-11.0
2015,1,1,DL,2276,N909DE,MCO,LGA,-2.0,-7.0
2015,1,1,DL,2566,N913DN,SFO,MSP,-4.0,-5.0
2015,1,1,EV,2506,N904EV,CRP,DFW,-2.0,-11.0
2015,1,1,EV,2555,N830AS,SHV,DFW,16.0,14.0
2015,1,1,EV,2561,N877AS,BTR,DFW,-1.0,8.0
2015,1,1,EV,2537,N902EV,MLU,DFW,3.0,-10.0
2015,1,1,MQ,2775,N613MQ,PIA,DFW,,
2015,1,1,MQ,2966,N855MQ,ROW,DFW,,
2015,1,1,MQ,3359,N905MQ,FWA,DFW,,
2015,1,1,MQ,3476,N653MQ,CHS,MIA,-6.0,11.0
2015,1,1,MQ,3589,N692MQ,GSO,MIA,-3.0,-1.0
2015,1,1,NK,705,N588NK,LGA,FLL,108.0,97.0
2015,1,1,NK,567,N504NK,DTW,ATL,-2.0,-11.0
2015,1,1,NK,417,N587NK,DTW,FLL,3.0,-16.0
2015,1,1,OO,3456,N217AG,PDX,BUR,-2.0,-3.0
2015,1,1,OO,5492,N703SK,MSN,ORD,3.0,17.0
2015,1,1,OO,6495,N932EV,COS,LAX,-6.0,-20.0
2015,1,1,OO,5291,N564SW,GCC,DEN,0.0,-16.0
2015,1,1,UA,536,N852UA,LAX,IAH,-8.0,-22.0
2015,1,1,UA,259,N427UA,SNA,IAH,8.0,-15.0
2015,1,1,UA,792,N802UA,BUF,ORD,33.0,37.0
2015,1,1,VX,922,N361VA,SFO,LAX,-7.0,-16.0
2015,1,1,WN,3213,N8612K,DAL,MDW,4.0,-26.0
2015,1,1,WN,2599,N912WN,LIT,DAL,3.0,-2.0
2015,1,1,WN,2199,N400WN,MHT,MCO,0.0,-18.0
2015,1,1,WN,3739,N780SW,ALB,MCO,-1.0,-29.0
2015,1,1,WN,1188,N783SW,SAT,BWI,-3.0,-25.0
2015,1,1,WN,4563,N642WN,OKC,ATL,-4.0,2.0
2015,1,1,US,593,N163US,SNA,PHX,0.0,-12.0
2015,1,1,AA,323,N520AA,DFW,STL,,
2015,1,1,AA,1107,N3ADAA,LGA,DFW,-4.0,-3.0
2015,1,1,AA,1234,N3MCAA,LAS,ORD,-4.0,-18.0
2015,1,1,AA,1283,N3CRAA,BNA,MIA,-4.0,-12.0
2015,1,1,AA,1287,N3BBAA,MSP,MIA,29.0,16.0
2015,1,1,AA,1300,N3FRAA,SNA,DFW,0.0,-14.0
2015,1,1,AA,2326,N3KEAA,MIA,DCA,33.0,31.0
2015,1,1,B6,318,N183JB,JFK,BOS,-7.0,-12.0
2015,1,1,B6,1137,N374JB,BOS,DTW,-3.0,-12.0
2015,1,1,DL,716,N944DL,OMA,ATL,-8.0,
2015,1,1,DL,765,N329NB,PIT,MSP,-3.0,-23.0
2015,1,1,DL,801,N633DL,SNA,ATL,-4.0,-21.0
2015,1,1,DL,827,N678DL,FLL,ATL,-6.0,-19.0
2015,1,1,DL,860,N324NB,SNA,MSP,-3.0,-8.0
2015,1,1,DL,886,N918DL,ATL,LGA,-1.0,8.0
2015,1,1,DL,1135,N309DE,BHM,ATL,-1.0,-26.0
2015,1,1,DL,1324,N908DE,BNA,ATL,-3.0,-20.0
2015,1,1,AA,1449,N3KDAA,FLL,DFW,,
2015,1,1,DL,246,N391DA,SAN,JFK,-3.0,-31.0
2015,1,1,AA,2395,N469AA,BHM,DFW,-1.0,-5.0
2015,1,1,EV,4438,N26141,HOB,IAH,,
2015,1,1,EV,6042,N21144,LNK,DEN,32.0,28.0
2015,1,1,F9,110,N206FR,DEN,MSP,26.0,16.0
2015,1,1,F9,782,N219FR,LAS,DEN,-3.0,8.0
2015,1,1,F9,268,N921FR,SNA,DEN,-7.0,-8.0
2015,1,1,MQ,2965,N637MQ,SGF,DFW,,
2015,1,1,MQ,3009,N651MQ,CMI,DFW,-3.0,-9.0
2015,1,1,MQ,3431,N820MQ,COU,DFW,,
2015,1,1,NK,301,N626NK,BWI,FLL,4.0,-11.0
2015,1,1,NK,725,N525NK,MCI,IAH,-8.0,8.0
2015,1,1,OO,6262,N953SW,GTF,DEN,-9.0,-11.0
2015,1,1,OO,4811,N443SW,BNA,CVG,-8.0,-14.0
2015,1,1,OO,6502,N785SK,SNA,SFO,12.0,-1.0
2015,1,1,OO,6523,N754SK,PHX,LAX,16.0,2.0
2015,1,1,OO,4974,N792SK,ATL,IAH,-4.0,7.0
2015,1,1,OO,7385,N301YV,EKO,SLC,-10.0,7.0
2015,1,1,B6,1208,N273JB,IAD,JFK,-6.0,1.0
2015,1,1,HA,338,N481HA,HNL,KOA,-8.0,-6.0
2015,1,1,OO,6291,N706SK,FAT,SFO,-3.0,-7.0
2015,1,1,DL,1212,N582NW,LAX,MSP,-2.0,-9.0
2015,1,1,UA,284,N832UA,PHX,SFO,61.0,48.0
2015,1,1,US,1866,N626AW,PIT,CLT,3.0,-9.0
2015,1,1,US,2071,N553UW,MSP,CLT,-3.0,-13.0
2015,1,1,WN,985,N8315C,BWI,MCO,-7.0,-34.0
2015,1,1,WN,739,N927WN,MSY,ATL,-3.0,-16.0
2015,1,1,WN,2964,N481WN,PHX,DAL,4.0,4.0
2015,1,1,UA,1291,N33209,FLL,ORD,-5.0,0.0
2015,1,1,US,408,N521UW,PHL,PHX,-10.0,16.0
2015,1,1,AA,338,N3DJAA,LAX,SFO,-6.0,-7.0
2015,1,1,AA,1371,N477AA,MEM,DFW,-9.0,-13.0
2015,1,1,AA,1318,N5CDAA,BOS,DFW,-5.0,2.0
2015,1,1,AA,1595,N553AA,AUS,DFW,-3.0,-15.0
2015,1,1,AA,2226,N426AA,DFW,TPA,70.0,70.0
2015,1,1,AA,2429,N4XPAA,CLE,DFW,3.0,-15.0
2015,1,1,AA,2424,N3DLAA,LAX,DFW,-9.0,-1.0
2015,1,1,AS,321,N613AS,SJC,SEA,-3.0,-14.0
2015,1,1,AS,582,N611AS,PDX,SNA,-1.0,-10.0
2015,1,1,AS,629,N626AS,LAS,PDX,-13.0,-18.0
2015,1,1,AS,805,N588AS,SEA,SMF,-6.0,-14.0
2015,1,1,B6,148,N659JB,LGB,OAK,-2.0,-9.0
2015,1,1,DL,476,N196DN,LAX,JFK,0.0,-11.0
2015,1,1,DL,1085,N994AT,AVL,ATL,8.0,-1.0
2015,1,1,DL,2512,N937AT,HSV,ATL,1.0,-8.0
2015,1,1,EV,6175,N13124,BNA,ORD,-6.0,-5.0
2015,1,1,MQ,3082,N918MQ,SAF,DFW,,
2015,1,1,MQ,2973,N628MQ,GRR,DFW,,
2015,1,1,MQ,3294,N509MQ,XNA,ORD,10.0,-10.0
2015,1,1,MQ,3268,N694MQ,SUX,ORD,-4.0,-5.0
2015,1,1,MQ,3419,N939MQ,LFT,DFW,,
2015,1,1,NK,729,N629NK,ORD,TPA,34.0,14.0
2015,1,1,OO,5536,N779SK,PSP,IAH,71.0,55.0
2015,1,1,OO,5428,N679SA,HYS,DEN,0.0,11.0
2015,1,1,UA,464,N434UA,BOS,EWR,1.0,-16.0
2015,1,1,HA,332,N483HA,HNL,ITO,47.0,53.0
2015,1,1,AA,1101,N5ENAA,JFK,MIA,-3.0,-7.0
2015,1,1,NK,111,N522NK,DTW,LAS,22.0,26.0
2015,1,1,UA,1077,N37462,EWR,MIA,-4.0,-15.0
2015,1,1,UA,1510,N37255,SAN,IAH,2.0,-10.0
2015,1,1,UA,204,N810UA,DFW,IAH,-1.0,-1.0
2015,1,1,US,773,N701UW,RIC,CLT,-10.0,-13.0
2015,1,1,US,1960,N644AW,TPA,CLT,-1.0,-7.0
2015,1,1,UA,670,N457UA,TPA,EWR,-1.0,-1.0
2015,1,1,WN,707,N706SW,CAK,ATL,-4.0,-30.0
2015,1,1,WN,537,N799SW,MCO,ATL,-4.0,-4.0
2015,1,1,WN,897,N427WN,ABQ,DAL,0.0,3.0
2015,1,1,WN,753,N443WN,PVD,FLL,1.0,-20.0
2015,1,1,WN,969,N268WN,PHL,FLL,-4.0,-24.0
2015,1,1,WN,4120,N247WN,PHL,LAS,-2.0,-8.0
2015,1,1,AA,299,N857AA,MIA,DEN,4.0,1.0
2015,1,1,AA,367,N494AA,TUL,DFW,,
2015,1,1,AA,222,N3JSAA,LAX,BOS,-5.0,-33.0
2015,1,1,AA,1104,N3LAAA,DFW,LGA,-8.0,-22.0
2015,1,1,AA,1373,N549AA,BWI,DFW,-8.0,2.0
2015,1,1,AA,2401,N858AA,DFW,LAX,,
2015,1,1,B6,16,N934JB,SFO,JFK,-3.0,-9.0
2015,1,1,DL,1071,N932DN,MKE,MSP,-2.0,-10.0
2015,1,1,DL,2090,N698DL,PDX,MSP,-3.0,-12.0
2015,1,1,B6,2324,N206JB,MCO,DCA,-4.0,-8.0
2015,1,1,B6,2702,N571JB,JFK,BUF,-10.0,-22.0
2015,1,1,DL,1651,N954DN,MSP,LAS,-3.0,-41.0
2015,1,1,DL,1818,N555NW,ATL,MCO,-1.0,-7.0
2015,1,1,EV,3924,N14960,MFE,IAH,-8.0,-13.0
2015,1,1,F9,907,N926FR,TTN,RDU,24.0,3.0
2015,1,1,MQ,3063,N511MQ,ELP,ORD,,
2015,1,1,MQ,3110,N688MQ,HSV,ORD,2.0,-19.0
2015,1,1,MQ,3188,N507MQ,ABQ,ORD,17.0,35.0
2015,1,1,UA,821,N490UA,RDU,SFO,0.0,-5.0
2015,1,1,UA,312,N833UA,EWR,LAX,-3.0,-5.0
2015,1,1,US,823,N128UW,DCA,CLT,-4.0,-15.0
2015,1,1,UA,1052,N69838,MCO,EWR,-1.0,-7.0
2015,1,1,AA,1553,N3JNAA,DCA,MIA,-6.0,-20.0
2015,1,1,B6,15,N944JB,JFK,SFO,0.0,-24.0
2015,1,1,B6,453,N652JB,JFK,PBI,-4.0,-23.0
2015,1,1,DL,1547,N997DL,LGA,ATL,-1.0,-31.0
2015,1,1,OO,6618,N506CA,PSP,PHX,-1.0,-11.0
2015,1,1,OO,5366,N930EV,DVL,JMS,,
2015,1,1,UA,356,N432UA,ALB,ORD,10.0,1.0
2015,1,1,UA,392,N456UA,PDX,SFO,-2.0,-17.0
2015,1,1,UA,417,N429UA,EWR,TPA,-1.0,-19.0
2015,1,1,US,852,N715UW,JAX,CLT,-5.0,-20.0
2015,1,1,US,1722,N825AW,CLE,CLT,-8.0,-24.0
2015,1,1,US,1877,N826AW,CLT,MIA,-6.0,-7.0
2015,1,1,US,1961,N566UW,IAH,CLT,-4.0,-9.0
2015,1,1,US,1978,N827AW,IND,CLT,-3.0,-17.0
2015,1,1,US,2064,N538UW,DFW,CLT,-5.0,2.0
2015,1,1,UA,463,N482UA,LGA,ORD,-2.0,-5.0
2015,1,1,UA,514,N411UA,BOS,IAH,-4.0,-16.0
2015,1,1,UA,521,N854UA,BOS,ORD,0.0,13.0
2015,1,1,UA,736,N522UA,SFO,EWR,-1.0,-12.0
2015,1,1,UA,795,N843UA,SNA,DEN,1.0,7.0
2015,1,1,UA,1027,N38424,SFO,IAH,-2.0,-17.0
2015,1,1,VX,399,N852VA,JFK,LAX,-5.0,2.0
2015,1,1,VX,897,N845VA,LAS,SFO,-1.0,-6.0
2015,1,1,WN,473,N423WN,BUF,FLL,0.0,-3.0
2015,1,1,WN,309,N657SW,BWI,HOU,-2.0,-11.0
2015,1,1,WN,369,N8312C,BWI,LAS,-5.0,-14.0
2015,1,1,WN,4635,N8305E,CLE,PHX,0.0,7.0
2015,1,1,WN,1019,N792SW,DCA,DAL,-5.0,12.0
2015,1,1,WN,194,N939WN,ISP,FLL,4.0,-2.0
2015,1,1,WN,2511,N7735A,MDW,DAL,3.0,-4.0
2015,1,1,WN,767,N497WN,MDW,TPA,-1.0,-14.0
2015,1,1,WN,390,N283WN,MSP,MDW,-4.0,-23.0
2015,1,1,WN,443,N628SW,PIT,MCO,-2.0,-22.0
2015,1,1,WN,921,N962WN,SAT,BNA,-5.0,-16.0
2015,1,1,WN,2373,N237WN,HOU,MCO,0.0,-6.0
2015,1,1,UA,1195,N57864,MCO,SFO,328.0,306.0
2015,1,1,UA,1697,N14107,EWR,DEN,6.0,13.0
2015,1,1,US,424,N161UW,ORD,PHX,-2.0,-5.0
2015,1,1,US,461,N540UW,ATL,CLT,-2.0,-11.0
2015,1,1,US,568,N565UW,SLC,PHX,1.0,1.0
2015,1,1,US,590,N758US,BOI,PHX,-1.0,2.0
2015,1,1,US,621,N185UW,DCA,PHX,1.0,5.0
2015,1,1,AA,9,N792AA,JFK,LAX,-11.0,6.0
2015,1,1,AA,17,N019AA,ATL,MIA,-4.0,-10.0
2015,1,1,AA,118,N788AA,LAX,JFK,-10.0,-49.0
2015,1,1,AA,68,N5EGAA,SFO,MIA,3.0,-4.0
2015,1,1,AA,201,N3LJAA,BOS,LAX,-7.0,10.0
2015,1,1,AA,204,N5DXAA,MIA,LAS,-3.0,6.0
2015,1,1,AA,309,N4YDAA,DFW,BNA,-8.0,4.0
2015,1,1,AA,315,N3MAAA,LGA,ORD,-2.0,-2.0
2015,1,1,AA,1242,N489AA,FAT,DFW,45.0,45.0
2015,1,1,AA,1247,N3CHAA,BOS,ORD,-1.0,5.0
2015,1,1,AA,1258,N491AA,LAS,DFW,-4.0,-6.0
2015,1,1,AA,1273,N023AA,MIA,IAH,83.0,112.0
2015,1,1,AA,1354,N504AA,DFW,MCO,-5.0,-11.0
2015,1,1,AA,1529,N5DHAA,MCO,LAX,-2.0,-9.0
2015,1,1,AA,1582,N5EYAA,MIA,BOS,-4.0,-15.0
2015,1,1,AA,1699,N425AA,TPA,DFW,-4.0,-10.0
2015,1,1,AA,1507,N3KXAA,SEA,DFW,-4.0,24.0
2015,1,1,AA,1513,N008AA,DFW,ATL,-5.0,-25.0
2015,1,1,AA,1648,N571AA,TUS,DFW,,
2015,1,1,AA,2291,N859AA,DFW,MIA,,
2015,1,1,AA,2451,N3HTAA,LGA,MIA,-4.0,-20.0
2015,1,1,AS,17,N419AS,EWR,SEA,1.0,4.0
2015,1,1,AS,39,N459AS,MSP,SEA,-5.0,-14.0
2015,1,1,AS,112,N527AS,ANC,SEA,-7.0,-15.0
2015,1,1,AS,311,N705AS,PSP,SFO,-9.0,-19.0
2015,1,1,AS,313,N703AS,SFO,SEA,-9.0,-8.0
2015,1,1,AS,405,N565AS,SJC,PDX,-5.0,-5.0
2015,1,1,AS,415,N413AS,PDX,SEA,-2.0,9.0
2015,1,1,AS,445,N579AS,LAX,SEA,-5.0,-15.0
2015,1,1,AS,466,N309AS,SEA,LAX,-4.0,-6.0
2015,1,1,AS,519,N614AS,SNA,SEA,-15.0,-20.0
2015,1,1,AS,531,N529AS,BUR,SEA,124.0,120.0
2015,1,1,AS,615,N320AS,LAS,SEA,-1.0,-7.0
2015,1,1,AS,663,N536AS,PHX,PDX,-7.0,-20.0
2015,1,1,AS,722,N403AS,SLC,LAX,17.0,5.0
2015,1,1,AS,833,N566AS,PDX,HNL,-3.0,-17.0
2015,1,1,AS,847,N558AS,SAN,OGG,-4.0,24.0
2015,1,1,AS,883,N531AS,OAK,LIH,-11.0,-18.0
2015,1,1,B6,288,N806JB,LAX,BOS,-7.0,-34.0
2015,1,1,B6,289,N373JB,BOS,DCA,-10.0,-37.0
2015,1,1,B6,619,N638JB,BOS,SAN,-3.0,-7.0
2015,1,1,B6,723,N804JB,DCA,MCO,-8.0,-21.0
2015,1,1,B6,1109,N651JB,BOS,JAX,133.0,131.0
2015,1,1,B6,1121,N561JB,PDX,LGB,-11.0,-20.0
2015,1,1,B6,1031,N339JB,BOS,HOU,-4.0,-10.0
2015,1,1,B6,1039,N296JB,BOS,AUS,0.0,-6.0
2015,1,1,B6,2007,N594JB,PIT,FLL,-6.0,-23.0
2015,1,1,DL,364,N547US,SEA,LAX,12.0,-4.0
2015,1,1,DL,400,N381DN,PDX,JFK,-3.0,-28.0
2015,1,1,DL,424,N194DN,JFK,LAX,2.0,-10.0
2015,1,1,DL,822,N3743H,SEA,DTW,-8.0,-23.0
2015,1,1,DL,854,N667DN,SFO,DTW,1.0,-5.0
2015,1,1,DL,872,N938DN,DCA,ATL,3.0,-21.0
2015,1,1,DL,1183,N987DL,ORF,ATL,1.0,4.0
2015,1,1,DL,1280,N906DE,DAB,ATL,-2.0,-14.0
2015,1,1,DL,1305,N357NW,PBI,ATL,-1.0,-3.0
2015,1,1,DL,1440,N3766 ,SLC,MSP,-3.0,-6.0
2015,1,1,DL,1453,N589NW,SEA,MSP,-4.0,-17.0
2015,1,1,AA,1461,N4YRAA,DAY,DFW,0.0,-20.0
2015,1,1,DL,1971,N934DN,MSP,PHX,-1.0,-18.0
2015,1,1,DL,2017,N326US,LGA,PBI,-3.0,-31.0
2015,1,1,DL,2123,N913DE,RSW,LGA,-3.0,-17.0
2015,1,1,DL,2151,N329NW,MIA,LGA,-3.0,-2.0
2015,1,1,DL,2180,N938DL,CLE,ATL,-1.0,-33.0
2015,1,1,DL,2351,N911DE,PBI,LGA,-4.0,13.0
2015,1,1,DL,2365,N399DA,JFK,SJU,-1.0,-11.0
2015,1,1,DL,2539,N353NW,MKE,ATL,7.0,-8.0
2015,1,1,B6,2784,N283JB,RDU,BOS,-13.0,21.0
2015,1,1,DL,46,N704X ,JFK,SFO,0.0,-17.0
2015,1,1,DL,1498,N958AT,FLL,LGA,0.0,-11.0
2015,1,1,DL,1506,N812DN,LAX,DTW,-7.0,-22.0
2015,1,1,DL,1795,N3757D,LAS,JFK,-6.0,-35.0
2015,1,1,DL,1894,N6704Z,MSP,MIA,4.0,-26.0
2015,1,1,DL,1925,N534US,MSP,RSW,-1.0,-20.0
2015,1,1,AA,2393,N3APAA,JFK,MCO,117.0,117.0
2015,1,1,EV,4513,N14950,CLE,ORD,-3.0,-11.0
2015,1,1,EV,4524,N14974,LFT,IAH,7.0,12.0
2015,1,1,EV,4871,N878AS,SHV,ATL,4.0,6.0
2015,1,1,EV,4987,N710EV,ROC,LGA,-8.0,-26.0
2015,1,1,EV,5423,N724EV,CID,MSP,-6.0,-9.0
2015,1,1,EV,5755,N834AS,PVD,ORD,-2.0,3.0
2015,1,1,F9,1061,N201FR,ORD,PHX,-11.0,10.0
2015,1,1,F9,1120,N208FR,CLE,RSW,1.0,-17.0
2015,1,1,F9,676,N908FR,DEN,MCO,62.0,58.0
2015,1,1,F9,681,N928FR,MCO,DEN,-2.0,-1.0
2015,1,1,MQ,2841,N667MQ,DFW,DSM,4.0,10.0
2015,1,1,MQ,2852,N625MQ,GRK,DFW,,
2015,1,1,MQ,2871,N645MQ,PNS,DFW,,
2015,1,1,MQ,3024,N611MQ,GJT,DFW,,
2015,1,1,MQ,3051,N802MQ,HPN,ORD,-5.0,-22.0
2015,1,1,MQ,2991,N686MQ,BMI,DFW,,
2015,1,1,MQ,3362,N507MQ,DFW,MAF,,
2015,1,1,NK,231,N620NK,ATL,FLL,25.0,17.0
2015,1,1,NK,259,N532NK,ACY,FLL,-5.0,-12.0
2015,1,1,NK,183,N521NK,LBE,RSW,-5.0,-2.0
2015,1,1,NK,193,N502NK,IAH,LAS,43.0,29.0
2015,1,1,NK,198,N621NK,FLL,MCO,12.0,16.0
2015,1,1,NK,610,N608NK,FLL,BOS,4.0,10.0
2015,1,1,OO,6194,N758SK,ASE,DEN,4.0,-1.0
2015,1,1,OO,6272,N915SW,BUR,SFO,-10.0,-1.0
2015,1,1,OO,3479,N218AG,SAN,SLC,21.0,30.0
2015,1,1,HA,217,N485HA,KOA,HNL,-4.0,-1.0
2015,1,1,OO,4623,N812SK,SEA,PDX,-13.0,7.0
2015,1,1,OO,5471,N576SW,RKS,DEN,,
2015,1,1,OO,5632,N566SW,SBA,SFO,-4.0,1.0
2015,1,1,OO,6225,N124SY,BOI,ORD,10.0,8.0
2015,1,1,OO,7382,N659BR,CPR,SLC,-4.0,-41.0
2015,1,1,OO,5633,N479CA,COS,DEN,-5.0,-8.0
2015,1,1,UA,296,N470UA,ORD,DEN,4.0,-2.0
2015,1,1,UA,656,N402UA,PHX,ORD,24.0,58.0
2015,1,1,UA,1441,N38417,MSY,IAH,4.0,-1.0
2015,1,1,UA,1764,N14228,CLE,RSW,-1.0,-28.0
2015,1,1,AA,130,N012AA,MIA,TPA,,
2015,1,1,EV,4221,N14570,BTR,IAH,-9.0,1.0
2015,1,1,EV,6159,N48901,BTV,ORD,-1.0,2.0
2015,1,1,NK,410,N630NK,FLL,BWI,1.0,8.0
2015,1,1,OO,6382,N824AS,SFO,BOI,29.0,27.0
2015,1,1,UA,761,N549UA,ORD,SFO,8.0,-12.0
2015,1,1,VX,12,N842VA,SFO,JFK,-3.0,-12.0
2015,1,1,WN,2851,N217JC,BDL,FLL,-2.0,-14.0
2015,1,1,WN,1108,N625SW,BWI,FLL,-5.0,-12.0
2015,1,1,WN,1432,N346SW,CMH,TPA,0.0,-10.0
2015,1,1,WN,1863,N253WN,DAL,BWI,-2.0,-30.0
2015,1,1,WN,665,N684WN,DAL,STL,,
2015,1,1,WN,323,N340LV,FLL,BWI,-6.0,-9.0
2015,1,1,WN,2041,N8317M,MCO,LAS,-6.0,3.0
2015,1,1,WN,4649,N8302F,MDW,MCO,0.0,-26.0
2015,1,1,WN,893,N737JW,OAK,HOU,4.0,8.0
2015,1,1,WN,552,N291WN,SAT,ELP,29.0,30.0
2015,1,1,WN,3239,N905WN,TPA,BWI,-2.0,-18.0
2015,1,1,WN,1912,N554WN,TUS,DEN,-7.0,-9.0
2015,1,1,UA,1660,N17730,SNA,EWR,-7.0,-51.0
2015,1,1,US,445,N187US,RDU,CLT,-8.0,23.0
